0,Norbert Bays,45,68007,220445883,M2zLqWIv4Y5b,
1,Judy Thompson,52,1864,567674039,VDlKLS,
2,David Nelson,61,55076,329168785,bVCWgPX59YXLg6Av,
3,Donald Lewandowski,61,98225,265251542,6WkFNIO9rQ,
4,Marvin Nemerofsky,62,23462,296691067,jo6ZSqk4gB8KQR,
5,Andrew Barnes,39,44101,373551512,CrYFAOk1AQp2zp3,
6,Jerome Penn,42,76643,619120407,Ld1Pli5tCR,
7,Patricia Booker,36,55111,527630983,GlnGMNGgakoY,
8,Morris Hamilton,58,7628,614934808,KggSOtWo,
9,Pauline Gray,39,45034,769502565,EGDLM8oPJ6,
10,Rebecca Hoekstra,32,64030,317583892,mwLntQg3iW,
11,Allen Cole,34,68371,241738940,NxGVpON2nf,
12,Charlotte Nelsen,45,88901,239529583,SdmvuejOeGMvaJt,
13,Steve Scott,63,49464,216388158,pUpgIMA4zniUW8,
14,Richard Morrow,63,98036,613472806,RTqNSc8defynQE,
15,Raymond Birchfield,49,44060,224168066,N3cFCpvVfDMI,
16,Jose Berg,55,55082,167129799,tOsacn7Md,
17,Thomas Harmon,21,7628,691889130,yWF0DQ,
18,Louise Hodges,52,7628,756114382,PSl8aBtCIodC,
19,Jessie Flenard,27,7628,636315910,cOCUgiTk61,
20,Ruby Doran,61,7628,278987487,j9DuC2R1,
21,Kenneth Rosser,55,7628,787849880,yoEKvpb8,
22,Linda Herrera,36,7628,686905410,WzQkpYX4gQC3Msl,
23,Patrick Iglesias,45,7628,254018410,uI1di1hMQBIkLT,
24,Michael Haynes,49,7628,737379030,7v8d4WMg52vdkz,
25,Maria Ortega,51,94135,194755674,W87KmNLDuIuc,
26,Joseph Mcginley,26,63301,423397044,tbLRV4LjjkWIxB1,
27,Gregory Irvin,62,49501,475069181,bbIpXC39vk,
28,Ann Tate,38,78006,550980160,gXmRvr0pmHJBU,
29,Chad Ashalintubbi,59,98506,156528739,ZU7vE8x,
30,Rudolph Glover,63,22302,412653696,C5raU4UjlPd3WGHM,
31,Kimberly Lawson,53,21043,709829218,ZTI4X6a,
32,Brian Hornlein,29,77001,660740739,EMplTQFB544,
33,Jeanne Burns,19,59401,195008205,BHZQpZ1E,
34,Emile Maddox,56,55101,492286100,t9jQKI6AvMp51VW,
35,Edgar Manos,64,98506,571566848,gQbAnlIBjZ,
36,Mark Beamon,48,37841,754295810,bJ26Otoy5uvlX,
37,Sean Powell,43,98506,775092855,uAFNTEGYEM1dF,
38,Michael Hayden,29,95403,395793111,xdZ28fYZuf2N,
39,Michael Veatch,27,45319,302254148,rDJHnCxMtIHW,
40,Irene Baggesen,44,45034,634148831,qoB3J9nBVmV,
41,Phoebe Kronenberg,18,58501,484487148,By2Vjya,
42,Larry Jennrich,23,28105,366089691,BCpLYcmLQd,
43,Frank Degasparre,39,3073,176812087,fCQrD1OrBy1thh,
44,Shirley Brehm,62,27517,423870092,zC6U6r7,
45,Tina Hicks,38,78652,340332301,RDfkxV,
46,Juanita Fultz,38,63005,275709241,b4uGGMmS2T,
47,Helen Wilcox,54,78006,770255524,M8ck1HZr12h,
48,Chad Stafford,36,92119,327508577,wreQrT4SgzXePSW,
49,Maxine Lewis,34,97814,346513318,cVPkaUH0,
50,Yesenia Parsons,27,1930,231428699,U4gf1D,
51,Ruby Williams,45,4574,763495561,E9FdWM7fuhKD,
52,Wanda Radford,27,44094,494442192,dDI32Q89B28,
53,Michelle Garcia,31,92107,440632359,V3lUHVOvPL,
54,Brenda Bell,38,98101,418984183,If7opfb,
55,Brian Lockman,56,97301,649397775,oanf8kU20,
56,Antonio Bates,29,98101,645253309,mTlB8Rb9S5guDvA,
57,Vasiliki Lynch,39,44420,283203573,jROaf0zQuSiiv,
58,John Giles,59,16881,565142797,rJirNehO2a7WC,
59,Audrey Noyes,48,1520,455414702,NmPszmF7VZ,
60,Lawrence Garrison,24,98607,329939734,aLAJ2YQMkvfOQU,
61,Jordan Miller,52,75013,545523215,PjU5uz10,
62,Carey Strong,65,37748,524968696,FtJPEBU7,
63,David Mckinley,64,97062,554907830,INwuJAK6p4KW4,
64,Sharon Gilmore,63,58501,217633028,5ITjChAfBs,
65,David Iannotti,52,87101,768280790,aeYTUFCnH7WC,
66,Gigi Silva,49,21201,384495204,9qgLKjYC9SOi,
67,Mark Vega,50,2817,771098698,WSXgtxXQTm,
68,Evon Palumbo,57,98503,272911964,Zym6ebJD,
69,David Cutler,49,1301,218605556,cTnafT9,
70,Claudia Cowen,24,94135,278095983,DWPNg1kITXkqp,
71,Patrick Jackson,60,27517,735149502,c0pexi,
72,Karol Rogers,37,21041,611018464,s7f2LXlnGX,
73,Aaron Hester,31,1522,538458171,p5k9QkPFpaaJgl,
74,Alberta Schooley,26,88901,508230022,2ah9e1cKNLqGR,
75,Robert Stevens,33,58501,508275530,GtSqlUSLczlL,
76,Melinda Paul,33,64030,698497677,9Y5ePIdmY4T5dcn,
77,Maggie Jones,48,63304,219854908,9v0zj1fnIZIA,
78,Micheal Tapley,45,97062,656579239,mmcdo30K0,
79,Richard Munger,58,97062,432995695,CqHVo0EeN6c2,
80,Jerry Johnson,43,97062,793452948,GaxoyA6N,
81,Ida Acosta,57,57702,274166533,0IjKwNfWBH,
82,Kathy Price,44,21701,211434680,ShJZk4KVRuRdXB9x,
83,Christina Tolbert,49,63101,642670147,iVm0OwhVVFW8Oh,
84,Craig Horiuchi,44,21851,439640051,gaUYkoIgZuDLOFRa,
85,James Febres,55,97526,614380098,fH7NQ9pgSyM,
86,Abbie Hunt,31,77001,496106076,N5S17w3puLYm,
87,Robert Woods,29,58501,557659650,oXGo8p,
88,Earl Joseph,23,7840,674411042,xkSEYqh4JPsB4DK,
89,Steve Fletcher,18,58501,506929026,m2TXQqwZ0ebunHI,
90,Michael Taylor,18,77001,608056520,POIWf4l,
91,Lori Kilgore,33,68007,208137287,2KZAzTJuHN1uJX,
92,John Maye,51,63101,722911025,vHgvcr,
93,Charles Meyer,59,63042,387757658,sLs55qIkniPHIQim,
94,Renee Day,33,97060,521716468,b6mtPni5X548OFD,
95,Ronald Johnson,41,92109,265066359,ekIPpaj,
96,Michael Brodeur,54,4083,463364335,PS3B7bGewnae,
97,David Mclean,29,63101,546068065,qImx26h4,
98,Ruby Young,65,2873,512756177,VZNIUwKgZBs,
99,Rene Maciel,54,45377,246546397,digGrBLzp,
100,Carol Donner,61,76262,790634683,fuR1UJXY6Oa,
101,Christopher Thompson,52,37901,380502875,V5Re7bjc2HG1dD,
102,Billy Parker,34,1803,576353419,53e0PEWJ,
103,Lois Slaughter,52,63026,262072112,uHvzq43N5NZT,
104,Jeremy Scott,23,21201,562508652,uch6z1ahbUFFpq3L,
105,Melissa Moore,33,49412,693291962,QUvTnYkxlVs1Yed,
106,Chadwick Martin,49,58501,225399626,KIZe6lSN71Kf,
107,Kylie Hernandez,60,76450,434460183,7BSKEG2G,
108,Ryan Paul,53,21012,535246457,BcIRCvxI,
109,David Schwab,22,98506,603719118,Ya07FTo,
110,Kevin Schulze,25,17401,352949545,WFR4t5E7i5x,
111,Edna Davis,60,94135,621498371,F0p34WEB,
112,Theodore Willey,55,29407,533085341,H5GrGAKQ,
113,Jack Matteson,57,17821,633415436,T2CrZ9WHn8BgzM2m,
114,Melody Lacoste,47,55733,193048674,Bi1MCrOxrOtLjjMS,
115,James Calvert,54,78006,269700701,IHdWrQqd7t1D,
116,Charlie Williams,48,63042,271139725,SgA0vjyDY,
117,Jose Solian,50,22554,594112225,5aQ1xGEb,
118,Michael Sobus,61,76001,393816780,byDowttnd7Rz,
119,Jason Wyche,50,29044,611216928,YV1NjQmKe,
120,Mark Souliere,50,97408,702812431,dQXNQVvpS6n,
121,Robert Camak,57,58501,599190264,ABsMRQCzEXDF,
122,Stephanie Siefert,46,82721,287429562,QoopfTDxmD,
123,Clara Brent,65,19019,290380637,RFePFG45P,
124,Millie Herd,35,74073,437898351,QnvZKyDHpcTbxrK,
125,Sharon Bruce,39,8831,345151933,chivr8zre1GZ,
126,Carl Lustig,57,15106,579334431,N3JxcLOktxY,
127,Maria Myers,31,19335,389481355,r4f013QhN,
128,David Staples,30,19335,768243817,N39faxvfm,
129,Amy Greer,59,21041,739985436,nADT23bA7tDtf,
130,Russell Rittinger,51,74008,268165112,Yn2JjKFUTky,
131,Anthony Valentin,38,29646,233105154,at6KRbc6Pt9nae,
132,Joey Price,19,63101,780313528,roRWP45,
133,Genevieve Madruga,31,21022,638375603,IqH00F3mfY3,
134,Marie Rinaldi,54,78006,407251708,f5h8rdQJ,
135,Nellie Neal,54,29438,783289411,SrH9eR15RuF7,
136,Clarence Morales,51,7066,791793060,4OSkmf8cFTwGDK,
137,Carmen Garraway,48,45377,648398173,dNaVM1FYbhFk,
138,Scott Wade,24,53037,297916531,mVrxLVsuH8ltqL,
139,Walter Rosales,57,17901,366314624,cDZFFWrRnQb8UVf,
140,Mary Chase,22,29401,348720001,HyGM0Y5flQa,
141,Donna Ott,63,39170,326159956,az0us1e,
142,Cindy Babcock,40,88901,443509279,0fiIHVdnLBvnw,
143,Alyse Dugan,49,27502,357974672,t7s4JFl2,
144,Alice Mccoy,52,55802,782701691,6kCGVKOKVFISp4,
145,Gene Hood,27,23462,617739659,BSXuvBMNC5oMixlc,
146,James Choi,64,20815,741205931,CmRcwehhem2xRjMI,
147,Michael Paradis,42,89002,603977702,NtE4qnQslOU,
148,Jonathan Schramm,44,2911,262805712,iDOOq56jXo,
149,Timothy Grove,42,63301,467170499,wdqPe779m2rxl,
150,Evelyn Demby,28,19335,700101043,V0pHWO,
151,Ella Kluge,29,7430,745375393,OAlmQwk2sj9bU,
152,Ernesto Arsenault,37,58501,157112864,68PEg5ORpUg4,
153,Delia Rogers,65,43832,534742984,VetErGqodWqzD3XZ,
154,Jason Sheehan,19,58501,410038771,rc4CSWv4R,
155,Timothy So,25,98503,286931613,a6Peog9GDb2,
156,Harry Lanzarin,51,99201,365888424,5lzXGtqK,
157,William Gilderman,56,18301,292568124,iAEFtszv,
158,Kenneth Brummett,28,94128,193406615,Bi7q7Aax343X2,
159,Leota Cameron,28,38668,307366628,u0g8qy1faEP,
160,Carolyn Barrett,36,77015,357125154,dmORnF,
161,Arthur Williams,58,3071,514204913,w6SVcaIuqv,
162,William Diez,18,88901,624054753,YEPFk5eQMkH,
163,Dominique Hirsch,23,7436,168912795,Xdd2SFKUx,
164,Richard Wendolski,63,78006,354978574,3MCLHvxldsZ0,
165,Sally Liesmann,30,1760,716581401,9SRX9s,
166,Brian Walker,61,28748,244358609,dyHF3wRmM8uRF,
167,Joseph Craig,41,20815,603390705,js12UcTNv1Q4LfQ,
168,Suzanne Moser,56,97116,344027224,ESncmYbJ4T,
169,Jonnie Walther,47,98506,397384143,yzsowWsSxvG,
170,Harold Parfitt,48,98926,453462946,G6uEVNg,
171,Leigh Reynolds,59,76442,771492521,qrz8UmJ,
172,Lee Lopez,53,37345,239132789,REVomy0,
173,Guillermo Heiser,50,16052,646533773,MXs9W7OSSM,
174,Samatha Phillip,20,84057,612339945,fqvknGKA,
175,Thelma Moffett,21,78006,212247794,qPtG51XI,
176,James Smith,61,25701,564695933,rraHKeKz,
177,Jose Deisher,57,4345,549118651,nCFQ7xpNvrKY,
178,Georgia Howard,60,87101,492210372,JXvVD8SeoqGx,
179,Tony Carpenter,50,78652,279481785,oWjK89CjDgDgb,
180,Marsha Fredericks,51,99336,448563254,3mgbVpUiD0DqXFCC,
181,Junior Handy,60,87101,585385730,mgbIsGcUIrG5X,
182,James Garcia,20,22180,500542111,xZXTZWuzc,
183,Maria Harris,59,87101,482197537,LKnL3OnIb,
184,Vincent Emerick,53,2119,195726496,A8GthtFr,
185,George Rhoads,20,87101,209459991,XsYPrTi,
186,Eric Spencer,52,97814,317859514,nNNxd0wo5oUa0,
187,Jerry Hughes,26,56441,682211807,LOTAc0k05L,
188,Cathy Rose,53,54650,184714891,vHi6pfRNILxxbn,
189,Frank Cook,27,94135,734829348,PHrSuwKd20N,
190,Chrystal Peevy,65,27502,664300782,A4X6SsHqNl9raQg0,
191,Kristine May,37,36043,530894397,pc1Xo4pYrlr,
192,Eduardo Schutt,49,97062,782731788,3SvwbgEQLBvR,
193,Wanda Castillo,50,63304,453577299,X9nMOk,
194,Rebecca Napoli,34,63010,774075984,EwgcVEJkFhSpk2BI,
195,John Baer,44,63048,744110887,5jUV0rfS55sNpbh1,
196,Gale Wood,37,7860,351200093,ss2euEvglxI,
197,Sharon Martin,64,27513,529034449,YgRLukG4k2ymA,
198,Judith Silver,47,29053,256242881,egovzG0,
199,Gary Tidwell,30,43081,162737269,HCEtNCxiuHI21,
200,Kyle Guyer,45,27822,708273149,wpoC2c4SogKkaWu3,
201,Melissa Barr,29,24531,495771248,vNYZBXRNdq,
202,Virginia Casias,53,28715,301266392,NlGiq2J3Edaxn4,
203,Carl Johnson,58,48103,516101457,PdCFMvp6qeVv,
204,Erika Crochet,18,78006,329282776,DGJ6okR,
205,Charlotte Murrietta,19,29451,632664530,9wwerM1uBwgL,
206,Mary Shehee,54,8701,535219254,JpjiBmbSST9Nq,
207,Yong Clover,52,87101,494632613,kiLmF6YwjA4vuTFP,
208,John Mcgill,62,55901,785861410,UxH4uyY,
209,Theda Negron,22,94135,515294817,c7OamYxX,
210,Robin Thomas,39,19601,785199014,VZRAIhKc,
211,Arnold Vega,20,22031,549252454,ZrgHvQkMXizxb,
212,Annie Aguilar,65,74008,728428312,xmrcEuFJJHmeJSB,
213,Marie Obrien,27,76044,432928959,AwNKAGZxR,
214,John Barney,63,1520,719031961,EOpo1dy5RQt,
215,Carrie Lynch,34,4230,314473633,C4xnfF,
216,Lori Henderson,34,4230,281826791,NZOtrQ8mlgh,
217,Tonya Caron,64,22485,342722444,4D0BEzzS,
218,Debra Merino,27,27502,459830880,JxrGGJ0,
219,Edwardo Gardner,31,21561,229259599,t2scwf38hYBzF66,
220,Maria Velasquez,35,24531,695975766,F9urj4,
221,Barbara Johnson,26,78006,608540481,QrC2FJwPEqz,
222,Santos Brown,44,98101,221163337,znbDOqLQq3GcLnpD,
223,Dia Oconnor,64,55111,737996312,4zIo62,
224,Olivia Holiday,46,87101,164596956,B98kZ9X6Hm,
225,Easter Babineaux,30,87101,316860421,Ckcyhno,
226,Andrew Gannon,57,87557,259826642,C9MOtS11SjMNAcsm,
227,Jose Mandel,28,78006,713389483,rtAac6g7s,
228,Harold Sinclair,57,21740,582954847,8ZVsQCMSBs,
229,James Chipps,48,29169,366063737,HGDCUY66FJOk5,
230,Catherine Phillips,58,27513,267369066,yq3mN3,
231,Holley Hamilton,39,7605,200723861,O6NsCVcQ6KWXaN,
232,Joanna Standard,47,48381,702842954,KrTh3VVrmoEN5,
233,Clinton Merrill,21,55396,313143407,cQjqeoToPDJlFNT,
234,Charlotte Henry,30,73008,322329540,OC3FXp8oau7,
235,Edna Fisk,48,87101,670883542,zpDloB,
236,Glenda Wood,22,77015,635369875,FaD2KJ,
237,Brandon Roddy,63,87101,312944696,h1c2jaEDAn,
238,Dorothy Crosby,23,73008,630677513,QT3dLdvh,
239,Wanda Stephens,42,49501,564531195,8l9e0wQS,
240,Joni Camacho,51,54229,243102007,JSfP6nX5,
241,Wilma Gionfriddo,49,48103,537404729,9foQhMN,
242,John Holliday,60,78006,349208122,FmuORp8Plk,
243,Willard Wolf,60,98506,572838807,T2f1fR7mCW,
244,Evelyn Kemp,22,98036,508084085,cfIYUiIZis,
245,Lynn English,64,55313,188954691,BZs670pBOcRfPMz3,
246,Andrew Marcotte,60,64030,296592007,g2yyWxvoC,
247,Barry Boyles,52,99201,355560475,aOMwHNZGv2jSSxW,
248,Keith Barnes,26,98433,665188470,mjAdMv70xn,
249,Judith Christie,40,7740,196794596,QO2q4V,
250,James Grant,48,97401,192474989,2FuGPu,
251,Georgia Goodstein,63,20895,732595573,NyFq4w,
252,Leroy Sullivan,23,55118,460050362,OkBfmJz,
253,Dustin Chavez,37,99201,459051153,aVhHYq,
254,Ricky Eger,55,59019,752535402,TqOK9QMhnOUHeqH,
255,Barry Tucker,31,27906,582587729,Jbzw0HnTML,
256,Ashley Thornton,61,94135,497210846,gUHKHV9eRV,
257,Julie Ellis,24,28715,781482242,YuhO4R9i4xnv4m,
258,Robert Atkinson,28,98101,238760441,3e4OguL,
259,Linda Rose,52,87101,180020751,p6zBnL,
260,Marc Toland,24,59401,581386019,7nhYyYgfnx,
261,Jody Turner,65,58501,299341338,1wcHWoVhGISYyB,
262,Craig Aldrich,30,8732,610565233,3ztM8HxRhru,
263,Christina Knudsen,56,87101,422021254,SyyYjg,
264,Ralph Albert,49,55101,451294947,9rLb1kv,
265,Juan Prestwich,50,98503,196332568,ULYzb2vphDyH,
266,Wilson Avila,44,58601,729257694,dNmADO7yGR3,
267,Maria Martin,19,94135,212474564,pAtcvLhygoFAKiw,
268,Douglas Hussein,21,45669,186890778,zrpKxs80oYWhBrq,
269,Ginger Wallace,51,53095,765709317,4esBTR8ZVs,
270,Sheila Johnson,65,21201,224079370,8bRNKz,
271,Ryan Gilliam,52,74470,639949557,jw5vNbv,
272,Michael Porter,35,87101,793900350,yqRYJmfniDFzBA,
273,Jill Scruggs,51,46113,736299768,cGp1zw,
274,Larry Stewart,40,98506,257565621,B4rKNMcT,
275,Jarrod Alexander,31,15767,499225503,4bSRxv2FEK,
276,Eugene Frank,22,89433,272103491,ASOB3IWXrOxI,
277,Louis Mcclain,26,1520,213037568,OhE9fyWqPg,
278,Mary Goza,60,44685,374017316,UVH2iCR8IxDjOmRA,
279,Melissa Payne,19,45385,284523384,D00sBrDy1kzoswaY,
280,Mary Sapienza,38,87101,461741821,vL9Zo4T42,
281,Hans Rivera,24,48846,246709388,zotnvPRHafucU,
282,Cecily Boucher,27,55802,162056927,BF8cvA1UVqzzUwSS,
283,Billy Camp,34,22153,317093453,W1xyIHDIZ,
284,Joe Bakken,30,87101,603278234,ojCzrShw2vwzW,
285,Janet Vandemark,37,98101,184124249,rXPCU1ndMVcjG9vC,
286,Nathan Lynch,43,25526,733516282,gBuLOr,
287,Jenny Hostetter,57,55016,528426736,B4DtBM6RkwRKJpO,
288,Andy Linn,32,29572,456976890,q1nJIVDe97oaxGcw,
289,Danielle Damboise,42,87101,492710940,fL7mhSbjMTB,
290,Andrew Rieck,52,21029,258283904,9O2KrIn9iiksr1,
291,Marguerite Richard,39,27517,353828619,QZlM4y9,
292,Bonnie Miller,22,63301,749438585,xqLZiSW83T,
293,Edward Davis,34,45314,637334186,6LPpnvU8B1,
294,Joseph Butler,58,87101,209604084,1rvYDU27Z,
295,Carmen Lee,38,77375,207703907,AWGaB2K8wfz9r21g,
296,Helen Moore,43,49053,433604871,t6hpFcnZ,
297,Stephen Smith,51,65655,224412714,ICODbqMTelOLogqw,
298,Mary Leonard,48,54755,703810306,NjXqOF,
299,Denise Hall,34,58785,452798631,8XkSNXwDOwy,
300,Kelley Estorga,64,18036,346665655,T3nFTJG1E,
301,Valerie Tate,62,55042,371166393,4Mru6yN8f1nC,
302,David Reiter,21,78063,425176016,l6rBfygujnc,
303,John Thomas,49,55441,238785460,7al1Wfjw53,
304,Randy Peoples,37,21613,750271110,vgcMrpWijA7,
305,Mitzi Mangum,45,28105,291201873,WcEKJwVrM2MDz,
306,William Lark,41,54729,184505563,vXJyQfv,
307,Tiffani Greathouse,24,53510,355106042,tRQ61T9pgMHT,
308,Shirley Blank,46,94135,431676557,oxmz8bjP5,
309,Lisa Olsen,51,78006,565204811,VqllLy1HIBhcbq,
310,Sue Babcock,53,21201,665083051,SbAXr3fRdguBpw2,
311,Michael Smith,40,98008,164443418,3UFAX5f3UF5i,
312,Millicent Thomas,63,37771,394715872,Ms84DQDCmnJ4NMU,
313,Samuel Mejias,36,37901,360331377,W6JkdQDIvDJb,
314,Sharon Mullett,24,98503,690858226,4UuQOKfQ,
315,Jared Leverette,30,87101,536008072,QfDtXoGrPzwMduYt,
316,Patricia Bradley,38,1027,183928183,5JHnivMKLkBqlj,
317,Louis Cormier,57,19083,667359206,Kcpxr3F3ZHQNb,
318,Paul Stanton,44,94135,730394626,IyA3E9Hyw5,
319,James Coe,52,78006,428855401,3nPo0Bs,
320,Nora Burns,39,98607,761446169,8rqRJfuktuJ09,
321,Ella Cimino,33,88901,354972690,WR13zyAXjE9h,
322,Lea Hunt,57,53072,653936371,2KPvwimOGTi4Ogbz,
323,Jon Dye,51,7078,434768140,pwSTnyg9Zngo3h,
324,Natalie Charron,47,37011,372479252,ZvLsXpinOL,
325,Rose Goldberg,63,68007,213467111,hvZ0mgcCYuv7JLQO,
326,David Grover,46,94135,317624796,DY3c0mJdqewmG,
327,Kathryn Rabello,55,87101,369688838,qt95wdd6Lf,
328,Jack Ervin,32,63101,157570836,xlEcY0Bw4pK,
329,Elaine Denson,37,87101,650977609,0ooyIo,
330,Daniel Gonzalez,52,21771,236614539,N4rI39X2UlpYjSK,
331,Robert Jordan,31,78652,721918349,xE56NCM,
332,Pamela Iannaccone,55,98506,715912701,oQLQlMv8eMZ8iVL,
333,Matthew Borowski,58,49319,735366153,hkwXd91ZoSH0,
334,Robert Brown,25,77001,566383286,znqAcOQ,
335,Zelda Yarbrough,55,98004,752127242,x110Ph,
336,Earnestine Lefever,44,78006,608397891,3fD7dZ01,
337,David Sweeten,57,87101,791396370,or0iyuZutukauVM,
338,Adell Henderson,25,92142,203657737,RT4nvG,
339,Lee Brooks,34,92103,395671756,o3mg8gr2FcO,
340,Peggy Russell,30,92119,659137362,UCRu8aOH0ZNUT,
341,Cornelius Coburn,41,3461,421738418,fySRwRZE3jDyls,
342,Timothy Coffey,40,23173,381399074,h2Y5urN9Xni860QL,
343,Lisa Solis,24,87101,705893354,9n0yJ58,
344,Richard Coleman,56,78006,590002822,0C7dpRxlRRxSnL,
345,Kathy Lewis,40,98506,503709394,7HuwXP8q4wIyP9,
346,James Walker,61,19609,422919361,KGzHpNxYR27Qh7x,
347,Reed Erwin,59,55121,779643400,gq89wRZ,
348,James Batts,30,28075,420394445,NB8553,
349,Henry Black,30,45356,623609049,ozVG93q,
350,Isreal Parrish,19,43004,652647504,DqEgi3g2Y,
351,Paul Boren,51,8057,456084364,snaqONrG6,
352,Linda Simmons,26,48167,257947908,wfWkCCzAEt,
353,Coleen Gardner,36,44094,330662225,VeyOpxZIBzIN,
354,Terri Gonzalez,30,28532,292687910,ZYi5d9o3,
355,Vincent Simmons,30,2056,272100224,rFKneP0z,
356,John Hamill,29,63026,193618726,1TWbh4pM5Ha7,
357,Thelma Duckworth,60,98506,712052624,fsJcGJLx9A0wJMk,
358,James Avila,19,94135,308321151,iwM8hq,
359,Michael Cox,25,76049,370902287,ZL9vHZ2Ym,
360,Lori Allen,35,55126,773896958,UiiKgEUDFojnW85u,
361,Richard Oliver,20,98248,444752195,FDZ5xJbs0MTxPRBT,
362,Frances Fox,59,43004,739741257,3no3hkLph,
363,Christopher Smith,36,78006,747927865,U0FwGCCTm,
364,Fred Ware,20,78006,711120591,Gq4m35s,
365,Annie Valenza,26,94135,511845474,DQCMR6b,
366,Ryan Hughes,55,19438,158503966,5jpFmVnbHvhhINM5,
367,Dena Biddick,61,87114,319619617,eHqxjs6L,
368,Carmine Wilson,62,3032,430920881,6PXfaow0wfj,
369,Natalie Nowlin,31,3060,160647867,9ueET5AdbLI,
370,Benjamin Sherman,40,22150,632370692,e0d2N0d1,
371,Neil Steiner,56,15683,235702112,YkbIjsWj9bp,
372,Mildred Samson,26,8223,333191152,1XCmzQTWNQa9BKdN,
373,Juan Blackburn,53,63101,685965965,Yk63DJLVnki,
374,Julie Swearingen,33,48601,423386843,gSi21aG,
375,Lottie Cruz,24,3101,328937822,llWLhDnbR0R,
376,Billy Cirillo,28,23462,746764470,BeogCyFNTxe,
377,Terrie Byerly,62,29401,575833743,QbgNjZsedIKkkXsU,
378,Christopher Riggins,45,78006,228295644,tl2oujW,
379,Mark Elliott,57,63877,681170036,Zj8NupXmk5ZK,
380,Bertha Raap,60,16127,310055664,LfPjDaZn,
381,Robert Hennig,27,24001,753542406,MBAY6J,
382,Thomas Verdin,23,77001,556100279,bi9x2e,
383,Catherine Yu,21,87101,536092250,RtipnOU,
384,Alice Vogelgesang,33,44223,575197822,eQSYpDQAmWV,
385,Janet Underwood,50,92103,523522641,dbigjjXTkI,
386,Leonard Martinez,28,20120,597029433,QkimpOCrqad397E,
387,Roseanne Sabella,33,87101,288467270,cwabfihQhV6,
388,Ernest Townsend,53,15044,584508075,PBQTFjV,
389,Glenn Buckner,33,87101,667200869,yKEPBZzt31,
390,Kenneth Graves,21,98901,389343418,1CnUJoEl,
391,Lawanda Myers,27,87101,690472759,SaiPY806Dk19bj,
392,Brandon Lowe,62,1570,633103992,ZQPI26K5,
393,Albert Howell,59,75161,690441505,rT5gIpjSg4Pu,
394,Raymond Kasper,56,28715,649118957,QVh4CO9n7f,
395,Debra Thomas,46,98503,656846356,9e953zePU00oqNSQ,
396,Timothy Bryan,24,87101,401081840,AWBrCJ8ddN,
397,Kirk Plummer,59,65201,545233604,8XB403q,
398,William Lane,42,94128,180395660,yjvQp6js1UXOJbd,
399,Clement Tibbs,21,29036,208715213,OsOwtKO1eN,
400,Tressa Hunter,44,45385,677610107,sIRPn0zqaxu,
401,Warren Green,51,98506,588405369,QLB6CNSb1j,
402,Nola Scott,21,28105,182281277,PtoZ1s,
403,Jillian Stephenson,41,1007,628695130,5oPOmkD21hVpO,
404,Leonor Citron,65,64067,240210166,KZZGEf91LQ9my6eH,
405,Sarah Martin,53,64015,490584103,f4BgcRWxi7H1Hc,
406,Tara Shiffer,40,2025,743839224,1kRlubHtkf,
407,Wayne Waldschmidt,55,98503,452550399,FMEtqaAYnN,
408,Harriett Stevens,65,7452,380837688,NcvJ4q0HA8,
409,Jasper Vanpelt,26,8833,435620294,kFXZWb,
410,Alyssa Hightower,18,7710,598884276,jajhlKh8gCQH2,
411,David Mears,45,49501,195787030,WEnCJcq2gHTE1qw,
412,Felice Alvarez,65,65619,762702278,yyDcnWxCitn,
413,Ronald Putman,19,77356,229791426,qhmZ4X,
414,James Heady,33,7631,535412192,h9TUloT,
415,Erin Mcgee,41,98001,709486188,TMTdOp86c,
416,Darryl Fischer,40,73097,749291225,h3m0aDN4EnAzbwkd,
417,Sally Nelson,21,28105,634913065,YFPoT513cZj46t,
418,Wesley Palmer,30,53072,377192016,wS94i3sLlPd,
419,Albina Myers,38,63101,711381468,yj9cEIBhz,
420,Mary Erickson,42,94135,186587587,Ats3KQEkQMy4q,
421,Isaac Robles,28,78006,287939134,zouhZYqcDr,
422,Frank Duncan,35,15135,339430766,gbOG85Qk6R,
423,Ronald Williams,25,87101,682927461,NPyZTHxZDwJz89,
424,Preston Montgomery,38,87101,200632814,7P0OMSoTgxU,
425,Vincent Cote,50,63101,654093343,hU0VHD4v8b,
426,David Smith,26,17067,159384588,uEDiHNYrN8,
427,Steve Bolding,41,21201,313525396,zPyTq2RVqP,
428,Carolyn Frye,33,87101,383605606,jaxFu4,
429,Bobby Hubbard,53,55101,523100149,guSFNP910n85Jf,
430,Miriam Vang,36,54631,655142979,Msq3S1U2Mr0MK,
431,Carrie Davey,28,77001,641196788,vVxxbTnNqF,
432,Peter Rosario,28,28560,496518753,ijMpO0pWoWWUPZ,
433,Daphne Salerno,62,43011,338636868,tFrueNYel,
434,Jo Bellocchio,28,45314,645844054,nGahj1ihE5eOqka,
435,Kevin Simonson,56,3060,343046426,I3ljobaCj0,
436,Edwina Freer,24,53214,629401946,cbOxMI7InQ0pP8,
437,Clara Reardon,23,68501,693233795,DkqDvJujPchun9VR,
438,Anthony Piercy,47,29526,191698522,0unvsrwiKK3,
439,Christopher Shaw,42,98101,736391188,BrBpPty,
440,Joann Boatright,47,44118,787498385,0kDOOhq7,
441,Robert Getz,22,63755,498621628,1jszwWWwBLK,
442,Lana Chadwick,53,53211,792442914,Bc1IuF03u9ywqsU,
443,Charles Mieles,44,65201,483678108,CwFeOjRQCGjv,
444,Lonnie Bodner,20,19018,190484234,Y1Eo6xqpbrhs,
445,Michelle Wynn,27,48501,548041004,nWMaX0VfJIJ,
446,Daniel Tegeler,42,54940,661313712,yRvWrXEHqcYGlHy,
447,Marcia Cooper,43,55920,177052350,fTlKHEyXW,
448,Tammy Lewis,56,22030,466448112,Ll6TLz,
449,John Osborne,50,27513,404354031,me95YiM4Fm73,
450,Eddie Cotrell,39,45385,252655510,FYSTv2U9oX,
451,Marleen Mach,54,44012,648791024,Q68rjAn,
452,Evette Venable,46,45385,443423418,MGlDBJnIq,
453,Kayla Blanco,62,87101,368450950,3tYUlbRqOU,
454,Robert Basden,19,15106,279243159,tNaAlR9BR9aC,
455,Gary Kimura,29,84044,773742807,LbWJqX67Md,
456,Steven Malone,40,29501,762778793,o71pv8GQvWEWzaC,
457,Nathaniel Vachon,27,2863,212805873,fFeQVI,
458,Nick Sheffield,56,28715,631312033,Ry5wH4QH,
459,Philip Bailey,60,25301,681892480,fWvZTF4WZ,
460,Travis Duvall,32,1731,370437300,9ZV7T5bJ1yCjWqP,
461,Mickey Kramer,28,98277,207717736,3TbZYuxi45jEq,
462,Danny Picard,62,23325,394113962,uiMwk0MXQ59,
463,Evelyn Masin,50,63301,510920968,z3hwN1waI3iFKAjJ,
464,David Elrick,52,92119,599108339,RUmWTYHAlm,
465,Arthur Little,64,53105,527380946,zKt8Ee9zzR,
466,Jason Brandenburg,35,87101,315329152,uKkXXX03NV4mh,
467,James Puckett,27,27517,340443085,v82vp1moI,
468,Margarita Cooks,63,29401,585955955,frqiSlvt8,
469,Annie Rosario,21,48103,407587206,cibrE0,
470,Kimberly Montgomery,37,48127,711747190,XCcuH22nLzE9K2zB,
471,Darrin Green,27,22180,654468346,CyMokhj9GF9N,
472,Robert Louie,37,44646,379245652,mh50aQMAbKK,
473,Fay Gayton,20,78108,496853737,63ZLJO,
474,Herbert Reaves,57,59801,194128293,SZ0UDbk,
475,Steven Yoder,58,73446,668856832,rwDvmmCToTNLb,
476,Lauren Wheeler,40,45385,275916420,3gPsa0WGZr,
477,Billy Luna,59,76430,338188126,4XeVFU48cUx9,
478,Alan Matyas,22,45385,728317613,u7zCzfhUbVw5tc2,
479,Philip Aston,51,98584,493386895,9lfsNYA7,
480,Latonia Beauchamp,61,87101,302990715,mPYOYY1A5omIypyd,
481,Ernestine Mayo,19,87101,189839631,O0Q3AyL,
482,Edwin Pierce,18,7070,519286758,suyrPiVkKzo38Y,
483,Darryl Dunn,54,94135,227959461,3fOD7j,
484,Aaron Sharpe,40,44454,513414494,evjEP6eWEfsY,
485,Douglas Sparks,48,76471,172449166,IQ5FyaD,
486,Luisa Alexander,41,44430,181024499,zUDsAGGiC,
487,Dale Risley,24,73003,468663182,zz1ASYySW,
488,Kurt Waugh,61,87101,474316553,LRj5Uk,
489,Thomas Vest,24,63132,219568892,2yrlEVy8fNW,
490,Virginia Jenkins,47,58501,400677120,mWUIuzT,
491,Sarah Conger,61,78652,406794934,MPVV50,
492,Nichole Cook,55,15106,510146630,8Gg1zM1E,
493,Charlotte Cavender,61,75147,767966632,nRFKrgDY,
494,Larry Molino,28,84047,635048732,kI1a8cDPGAmBqAv,
495,Anthony Janecka,44,21041,501777155,klVRn3uwQdOB,
496,Donna Esparza,31,29418,304254013,bemwfVE,
497,Jill Frison,48,8831,776934945,9coRRiI,
498,Helen Duboise,37,48433,743030028,72vqoIG1,
499,Novella Rider,50,98311,473120279,cGI3DcQ5,
500,Nora Harris,59,48327,186198047,rCPqc7xRz7c,
501,Amanda Ramos,22,18337,283480049,zrgS1gFW,
502,Jason Marshall,51,87101,498053156,3BeFPRSWXZiIAWbu,
503,Robert Sanders,47,15068,528221871,Ebv3CQ,
504,James King,47,15106,527666602,AWfsNTKp,
505,Betty Oneal,60,45385,445356279,eo71ry,
506,Robert Spencer,56,87101,230219678,89K5p1,
507,Maria Tinsley,23,44106,760596008,u3PkNM47kef6,
508,Alfredo Buettner,20,22906,202448954,lpdyylnjK1,
509,William Buckingham,63,57701,694880672,bNllR1K4eg,
510,Laura Colon,40,89408,329304703,2LJZHorSmn2a,
511,Carl Flores,26,88352,549413736,mwZkRp2GSTrV26,
512,Laura Robbins,19,98101,580043067,so3gjkAsIBZHSOJ,
513,Lisa Gonzalez,44,97401,660542748,CRoGZGDOjGbALg,
514,Hank Garcia,54,68025,570803918,METZpecVv6e,
515,Joseph Miller,32,98506,225991832,mtKqz14PR4,
516,Dave Allen,41,78652,305084649,paoryyKQ,
517,Leland Best,47,44851,262817651,pVrgwEZtlll,
518,Ryan Neal,48,75001,188396700,H0HhkRfw,
519,Phil Mauldin,46,65619,502682123,PbnwLx5cj8lyJ,
520,Julie Gordon,26,7039,260962347,FvKqcP,
521,Paul Miller,27,53201,564945423,iGoCXUd9xO,
522,Andrew Huizar,43,87101,725597086,MquS70AsrX,
523,Jody Tait,27,54634,647868346,h6ZzjJwK1u,
524,Larry Shiffer,64,44101,788034970,t2bS1h7AkiSMus,
525,Frank Thompson,39,55316,592086310,4gY2dla2VOj,
526,Michael Bell,29,23324,361645327,qRApi2,
527,Joel Coll,49,97362,327683377,XJ6EuyJ0a,
528,Dawn Bennett,30,19087,592321494,fXtSXZ8nUW,
529,Patricia Sorum,57,75014,761693797,5whpvcBdj6i,
530,Hector Paquin,21,15037,170440242,ERVJtL6aUAGctj7P,
531,Cassie Mooneyham,20,49202,572662443,kis0oDB9RUNY,
532,Lois Hicks,56,98607,585927151,RNqXXfazP6N3s7z,
533,Samantha Cosgrove,35,21114,772635928,GQXtAoBn,
534,Roger Kayser,38,92024,358122322,NVjEmOgyX,
535,Eric Ross,32,98506,384246016,Ewrvwy,
536,Gina Olvera,35,87101,451332452,Wvjl6Z4,
537,Brian Bradley,61,4574,486582660,uBBQFpe33LrMLT,
538,Peter Houston,64,29044,460846229,yPlpDpnye2LBd1g,
539,Wilbur Thurman,34,75006,784017316,NJTAtZHdVZTR2,
540,Marcus Bennett,53,1844,370437688,5hxHMulF8zqHaXJ,
541,Ruby Mccumber,65,17001,318194553,445RSnXi,
542,Ronald Riner,50,55303,490048427,h7Lyoicqrbe4yX1,
543,Patrick Button,38,39056,195568916,KhnpvlCrnTh,
544,Rosemarie Hickman,61,87101,775337307,6bCj9Ffkawpb2,
545,Dorothy Gonzalez,46,7739,439310032,xFP7Gb,
546,Jerome Turner,65,87101,411070836,cLP03NYiKBM4wS,
547,Carmen Wolfe,26,98531,461192962,8PWSxb4vMOLu5r,
548,Nelly Duran,50,98506,428545563,ZXqlRhbO6ytc449,
549,Michelle Stanley,22,3431,243811311,vu330uQWSXoy,
550,David Taylor,18,37040,545610239,sM1rU4m71k8dv,
551,Armida Russell,33,87101,721441272,igzixyMdC,
552,William Jones,60,94135,282236265,blX3kI,
553,Victoria Smith,41,17057,158915064,kpKoWG38jkmWNw,
554,Linda Stowell,47,87101,433780635,QUj4j7UCLn8Ns8hJ,
555,Dannette Turner,22,7719,602190139,3ri6OmvP8ato,
556,Gregg Rosen,29,58501,665083484,D6c2e0mDJj,
557,Isabella Rose,32,48009,527797280,WESLabA,
558,Gary Peters,43,37901,440832376,Y6WuXzzr,
559,Mary Rodgers,25,98506,499657308,zx6u3F3UFu,
560,Ana Silva,46,94128,176941311,tAz3hKQT30VHf3pV,
561,James Albert,64,37901,568295494,JLdyjLw,
562,Felipe Boyle,40,17860,446366848,vK95Ahi5FvnY2zi,
563,Rebecca Donatello,43,58501,511840831,ObcHECw,
564,Tosha Felix,57,84043,752667875,5OKgIH,
565,Margaret Ramos,59,21041,355048340,yxDrPnw3m,
566,Renee Smith,25,23061,530102571,vpFRcgXywY,
567,Susie Taul,25,87101,273165144,7j72MjvIkG37OH,
568,Arthur Frazier,33,87101,482028119,QHj57ETvUWBuAF,
569,Kirby Swinerton,53,78006,194959905,rYvuiKD,
570,Arlene Dage,41,76692,790640047,67CiwAJRh9f,
571,Melissa Deblase,53,54729,449288970,3ga2A28,
572,Antonio Muth,45,19019,610713358,W3cI5hHDgA,
573,Darnell Jenkins,47,76021,702293153,zkcyZwHkZN5IrT,
574,Mario Mathis,37,98014,205644237,uojBe1FwTW2lgL0,
575,Cindy Orlowski,44,2879,655185153,wiMfxMgYNm3,
576,Edward Broughton,48,53072,742903794,UZ2WE3s05geJ,
577,Adeline Castleman,21,29418,249458599,kSXnRalAPz5UBQLE,
578,Andre Cadena,32,55126,784422077,K7E6DxI7uQ51Va,
579,Eduardo Neumaier,25,8520,480352544,SdN3By4e1AjrT,
580,Christine Horton,19,53146,228113726,euYkRyK6DIp1Y,
581,Walter Hohl,61,21157,435720978,qwXe2si,
582,William Smith,53,92103,433488954,PlJt1fPyni,
583,June Maresco,31,23324,180396915,sbV4TycbS18Xuq,
584,Monica Dostal,28,89030,717692226,R2XBvJW,
585,Traci Chreene,18,16250,440059702,pci3NEhs8fcIA,
586,Mark Mclemore,59,87101,467506271,yIuHSJhCRWbyUV,
587,Melissa Tovar,32,87101,641198151,zIGJ6fZOfXzZX1,
588,Patricia Switzer,46,87101,599085252,cBH74yFCyHh4oBUi,
589,Matthew Day,36,43040,640647956,Fsl3K9l3,
590,William Turner,56,92103,206706920,tutNi3bloqM7,
591,Michael Wigley,53,725,596672612,vV9tykLQutmpTd92,
592,Janette Fowler,48,53955,699679724,oEtO6w4dqcrwf8Ku,
593,Ezequiel Nobles,50,76901,594563453,Ex9iMD,
594,Donald Johnson,50,68355,747531780,38aTdE3WWYiyHZ4V,
595,Matthew Bell,58,87101,182302358,CZggFpO,
596,John Dreesman,25,63101,383220485,5dsNdvNdhvrCpSq8,
597,Donald Hopson,53,15106,731875879,Pt4ZVd4gHxVgUaye,
598,Philip Patella,64,15626,758379769,y1ZVy9MmP1b0BfY,
599,Ryan Carlos,61,98225,723743400,SFfMVoi2XX3GwQ7F,
600,Brenda Maya,64,87101,416947394,e7nTbO,
601,Ivan Clark,37,87101,220597459,FJNk97LJSmWrYuAs,
602,Georgia Skidmore,36,87101,177696065,DBsz7SYys,
603,Latoya Gilbert,62,87101,477265903,PlhHapj3Mk,
604,Oliva Smith,31,97383,365870387,fTvxMw2a2eePC,
605,William Bagshaw,19,98101,265462715,bHuhO2S,
606,Philip Nugent,57,94135,787174892,OK6mVFrkFwb,
607,Tawnya Dixon,28,23325,709642528,CItTP1eb,
608,Richard Kelly,49,4401,327679314,eOuTScoTaDKIK2Eh,
609,Jeffrey Irland,43,98506,300363938,FmKzFH6ZdV9,
610,Len Bateman,50,99352,261524640,ufk9cByJ8V3p,
611,Nathaniel Gumbs,53,65625,731094155,q7dEJYTGWe3a,
612,Penny Bessey,28,1760,413450201,SATtcfby6X,
613,David Patterson,19,78006,783731969,5aEDoF6C7kQAlnH,
614,Jose Dyer,51,8853,708700377,zvdMeJz0WsT0,
615,Christopher Ortiz,52,75034,272544716,r2mYZBxCeDuFnV,
616,Carmen Paulk,57,87101,775896135,xdEmE1pP2h2hqXoM,
617,Duane Dunnings,18,98387,552291243,yv95vl4HoMtir4k,
618,Benjamin Edwards,62,44105,628623046,Fxc7eid05QcSUI,
619,Michael Mecham,23,55101,583557189,10dkKlxuXdcX,
620,Chester Clark,58,28411,582830987,QTmRzj4,
621,William Smith,26,37601,750456565,jQVD8c6tDU,
622,Max Martin,39,74008,338063047,HoDfjZXcdxAI,
623,Benjamin Zimmerman,20,53115,744867892,Vnhf568aVGL,
624,Jennifer Ripple,51,78108,743988613,nQWo7Gl6nNPTWZQ,
625,Sammie Helm,64,94135,407559491,rk4v2ok0Mx,
626,John Yang,57,3055,174187493,NFUJ8HwWE0qoW4,
627,Gloria May,59,55111,460465719,JOQmNbcllyP,
628,Susan Brady,51,94135,264843979,GgZESRY7ymV,
629,Arthur Fitzgerald,63,84057,588379174,UtDcIX,
630,Mary Koontz,28,98506,675728585,Da6H62LQwB8Itj5m,
631,Shawna Porter,65,77410,429187179,9F9NPCqiG,
632,Jamaal Mutchler,62,28374,516871873,gaaxwtm,
633,Wayne Gonzales,22,53401,541754803,HchhN3AN1q,
634,Harlan Swann,21,84044,161058031,swK8Nx2eD81v0Fi,
635,Sara Michaud,49,7076,299475178,EPyBY53za8mg,
636,Rose Mcmahon,37,87101,469426263,2ZSggDg,
637,Karen Robinson,30,28391,356861275,b5gqdt,
638,Fred Harper,35,44223,398425470,tNRhaxb0,
639,Nancy Crane,23,25670,516375682,wSEwdOs4Cn,
640,Janice Tsan,51,19003,722690056,gnqx9Zc,
641,Adele Wilburn,41,98019,232321068,1j5pvr3FxbinybR,
642,Blake Ross,65,87101,358837571,XxdSLDrUgdma,
643,Bonnie Nelson,25,46163,166678070,llFKk8,
644,Jim Murach,47,63624,469190771,FljJf0,
645,Aaron Klein,38,75034,557876225,dI27je0PK4q,
646,Darlene Varney,54,64030,469579901,3CfE3tK9R3P1hug,
647,Chester Mcgraw,28,64089,518100876,ZUQBaamcsMbwU,
648,Steven Crespo,20,7882,566403297,IYXmB5LBarxy4Uy3,
649,Joseph Sexton,37,21532,236432592,w0sCy5zY,
650,Felix White,52,28105,344136532,dNnmZ4XM7,
651,Helen Gittens,22,98607,529050144,dTf8K2YlSSTrTQ,
652,James Overstreet,24,53562,485360081,QoPasyGtWaGjc,
653,Niki Dempster,21,64030,538548329,EdynfK,
654,Patricia Reed,61,41073,627982931,mFAQD77FlU2voY,
655,Evelyn Lieberman,42,28560,165565743,JYkLxIKJbKNy,
656,Benjamin Marcus,56,76248,495415356,OtWa9i,
657,Martin Battle,64,87101,715296521,CmgAyhd,
658,Roger Sansburn,22,87101,686415840,y4zyTcihhkr01tO7,
659,Jeffrey Polk,32,84044,404482247,3S41ycDKbsRu,
660,Pedro Jensen,60,8836,701594756,Hd3R1P3bW9KVhh,
661,Harold Sager,24,84655,512856664,dqy2IZ,
662,Amanda Mackay,65,98001,580549504,NRoEqEawFyOh,
663,Jonathan Hays,25,19019,221830332,2Z8LeL,
664,Rosalee Hoffman,55,20170,266130434,ouD9wQLmB,
665,Kris Estrada,47,8836,651344067,1HNjDQ80ctLRL,
666,Raymond Salisbury,26,64724,470762205,k75JWZauYL,
667,Valerie Bailey,26,48601,389047337,KrSJdn1,
668,Katherine Martinez,52,20877,274170433,bScGgcjA5DyzmB,
669,Jackie Brown,27,98506,307352195,9TN9zbQ,
670,Roger Cody,34,63933,373584129,PmIPivP,
671,Leslie Meza,28,76021,779157341,XkZUpmFAyV7vQ3,
672,Debrah Graham,36,58102,502744846,qwWSLN,
673,Lawrence Torres,64,87101,646889676,1JwZsFFpnLD2z,
674,Lauren Hodge,34,44133,161116059,FiMv69GTFYh0,
675,Thomas Goldsmith,24,7003,746591675,TvyECDlnFKGg,
676,Michele Tagliente,36,73641,585762947,7VWuh0,
677,Clarence Gilbert,18,54568,704571029,kF5L20P1,
678,Margaret Cowan,38,40403,780177495,DajBOwr,
679,Stephanie Gauthier,27,15106,277441248,S5A5qQzC70,
680,Gerardo Bethea,49,2056,539669270,W1BU8CF,
681,Jeffrey Contreras,34,78006,503108928,4l9pbC45Gaf,
682,Dominic Lineberry,43,16137,672950854,fkmdDLXO8FPx0d,
683,Nicholas Carlson,54,15106,591937003,BnJUd2J,
684,Nickole Okelly,48,8836,399789762,jOmXGnkRxT0,
685,Mazie Berg,57,37748,486100765,siIu26f,
686,William Braud,40,75013,737369740,OcjEntmVIbm,
687,Bobby Pinner,62,98506,787766412,92TDu7lHtZiRR,
688,Andres Rubel,46,98101,600657518,O6iod184q,
689,Stacie Smith,21,59801,624177726,FqIPHFTgdeGn,
690,Latoya Brown,54,54229,609743504,TrRjzZkOZzI,
691,Christina Roloff,22,77001,235171769,cMmKG270H,
692,Randi Matthews,37,78652,409955920,7ckIPdscYe,
693,Michael Trent,52,87101,461514871,bqVpX4Jr,
694,Edna Calvert,47,97526,613554572,vBba0GXG0KBiBurh,
695,Judy Middleton,29,48601,237599095,dWoTz7q,
696,Maria Bennett,56,88901,492077634,VpCz4JhVweragsoc,
697,Holly Marsh,29,28105,783080441,Fq1oVgHCud5iO4,
698,Verna Ahn,54,98273,450756142,W5fvINg58P,
699,Bruce Meade,61,24001,529606398,qjj30BxHXLYK561z,
700,Gary Thacker,35,78006,310339937,oSzNUI,
701,Ila Lett,27,74012,221462070,Hk0XAit,
702,Kenneth Green,27,54961,536730345,GFdE9MrYb4Bps63,
703,Mike Goodwin,60,28411,732020127,nYPmYH,
704,Chris Mcgroarty,65,87101,623582379,bQo5GsC,
705,Charles Smith,38,94135,569653463,caISrhb1C513O37,
706,Rogelio Silva,19,27513,783033676,0op7ifFjIjo,
707,Ashley Huerta,58,1730,171371112,bhoDAr0k,
708,Adam August,34,63101,225288316,Q7Vbx9jQo9YgAb,
709,Amy Nicholson,26,45501,304030429,2ZBemUo,
710,Crystal Harris,40,23325,567223705,GiBIQ6TjBjQfqh,
711,Marie Costain,25,78577,291897749,fUzcVa072sa,
712,James Kahl,48,2835,156883708,j0TX3ZiqLMQ,
713,Stephen Hilliard,43,23324,419796948,zp0Z8r,
714,Amanda Moody,64,8087,674118982,da4EyccfuRpPLHq,
715,Gerald Burbage,43,59715,734202715,HXoevrhmnx7,
716,Jean Lewis,47,29620,205362941,ZyWCAHZe,
717,Danny Quan,55,2330,362092554,MAnhKicgbsaeI92e,
718,Charles Calvert,35,63031,470277235,WqgeEG,
719,Janet Mosley,51,7031,421927029,ycXL1sMyV,
720,Amanda Schuld,39,19018,284131115,mLjukOFixHMaUJN,
721,Roseanna Walker,35,28737,245987232,RpcZDD,
722,Jason Cox,44,94128,644376430,nT9uMQDNmpkAJ,
723,Kristi Upchurch,45,49202,354461010,mq9r0v0nJ4TYTnU,
724,Steven Reams,30,54229,576938920,UWp8p8IK,
725,Isabelle Hewitt,59,23325,594180239,MTChBafSz,
726,Antoinette Elwell,22,8071,549681239,bJeGrDKes,
727,Gloria Mccall,61,78652,243998267,aKXlSIGui,
728,Anthony Callahan,22,55343,526101837,pq4BWFFJTLSkL,
729,Lisa Brion,63,15701,502991884,4MuhhX8,
730,Doris Hernandez,37,2885,672800755,24DnOXceOEX,
731,Christopher Solano,30,20847,320354596,Zwfyg1EjrB,
732,Pat Kunkel,57,21701,359668197,PO1KmCj2W,
733,Jody Benson,51,29401,364099307,CwxYl4KIip7,
734,Cynthia Isaacs,56,2330,236804889,MGNT17T6JWJVIEWc,
735,Kevin Degasparre,53,87101,694569801,LSvCTjZ6d,
736,Kenneth Mchone,61,48601,628021865,BJoBue0CHkc8wS,
737,Robert Worthley,51,17703,752110917,UrBlpkxPHFxgj,
738,David Mcallen,18,2860,413791977,RVy1dXwPXe2l,
739,Rafaela Taylor,64,87101,416673428,2794NP1,
740,Steven Washington,54,28715,743594403,GBiLA2gxWeUhCTGe,
741,Maria Duncan,22,46204,517178103,utyjfLljZZKur,
742,Patrick Johnson,61,28715,586895171,fkRsA67,
743,Marion Kramarczyk,62,1545,512132810,wioNF51mja,
744,John Bennett,30,58501,237456502,McbMr5s5eF,
745,Rasheeda Rodriguez,61,27511,380259791,IshhLhSjbcEKCaiO,
746,Stanley Adomaitis,52,1036,164076251,ZTWvqZwxM,
747,Lloyd Slusher,58,20841,265499792,ZQh6nDx7,
748,Priscilla Barbosa,32,49440,698157937,1NU6JucKFAdtWE,
749,Bernadette Lowe,20,87101,391891409,1pgAznEM,
750,Mable Oneill,60,729,640275711,wRZv4QXt8,
751,Nell Wester,29,59801,774169043,1TaiZ9SSNhLkm,
752,Eric Smith,64,87101,608896990,nNDYU8AtbgJ7n,
753,Eddie Robbins,39,44106,545591930,ojzpwI9tLab,
754,Paul Kremen,19,4042,716644212,BlhvA41Fjpk,
755,Miguel Lamoreaux,27,98506,656750627,zkzajqkUdJq,
756,Melissa Hays,37,78006,260860034,FHqNYeLx9COe6i,
757,Lee Knox,49,78006,558736414,l8D8pjY9RbBSJ,
758,Donna Cockerham,64,77001,582346969,yvSKM9ijBQYzbs,
759,Brenda Garcia,32,28110,731285060,G3OuwDt,
760,Alanna Borrelli,53,54230,379774398,2ENl1kl,
761,Kerry Flores,64,77338,378595716,jisuezlv9jJokQxz,
762,Patricia Butler,63,87101,757311599,Qsl3oC,
763,David Skaggs,52,87101,471289707,yjtP7RChd,
764,Mary Furfaro,51,8080,219525253,fM5Ne6UZSr,
765,Kevin Mccall,57,55901,505923498,31dA2W9b,
766,James Shuler,45,1267,315949995,AqJsyd4sikdb,
767,Luis Ramsey,36,98014,366572060,QbP4OoKUON,
768,Lester Peeler,40,53201,639180090,F4BW5fAl3zk0GsG,
769,Lee Ibarra,18,98506,214966585,Vbax7zr,
770,William Crain,35,4050,191574967,SYL1Rc59LzjT,
771,Kimberly Curry,37,21501,214111634,qeFyXAo1TxBmC,
772,Jamie Ogden,53,27237,247880344,lnSZD1,
773,Wendy Bates,61,87101,278213899,TuU9iQ4T,
774,Charles Ho,39,2356,329213588,GupeKxS1,
775,William Smith,51,37011,638471090,unZ2YoROSAe2MggB,
776,Christina Latimore,56,79339,450451679,0wlqDyO,
777,Luke Lane,44,63301,654710697,x3dtCCd1XsOvp,
778,Michael Juarez,24,63101,307510809,1I0fD30PwaQ4q1XN,
779,Sharon Coffin,41,24001,546127669,o5CqxrbXlZ,
780,Johnnie Cassin,29,78006,545164137,GmnHocc2r9r2WQMu,
781,Helen Grandy,58,48706,738419752,gcubX1yGN4a0sJRn,
782,Michael Morehead,33,16433,522342776,0cRJ2t,
783,Harry Eagle,34,19019,523928752,5JkSIL7dUgUu0o,
784,Wesley Victor,31,27549,440045833,OVipxbdkURCA,
785,Glenn Burton,43,7069,758454390,xKueJRWJZozwV,
786,Sam Shavers,35,21201,599599865,4hdSCjrWM,
787,Billie Szerszen,39,17401,362232308,gXAkLyq7yYqi4h,
788,Ruth Simpson,20,21701,534903457,HjeYkbg,
789,Casey Hughes,57,7882,440425875,QEtOTRxtcHllIG4,
790,Deborah Walker,40,63101,771417849,YbxYTJ4m,
791,Nathan Vogelpohl,40,87101,722909347,YpG9m24DLzpCEYGZ,
792,Carol Taylor,25,49501,157377390,kUy6B7V,
793,Eldridge Lamb,21,22031,240636527,HdjQ38jDPH,
794,Duncan Troutman,33,98531,125095761,VnslTx3lquOi,
795,Randy Beckett,22,28105,67426256,MUdAp03lG,
796,Addie Nason,47,63042,807788828,caGylkUW,
797,Danette Vu,65,55042,688917609,1VmrrcVg8KP,
798,Gerald Wharton,32,84057,677736164,anM1z4QrvdCge9nu,
799,Miranda Worth,57,8831,705770368,ojBLe8TI,
800,Gary Villalobos,30,37748,704083409,VUbo9WH7lL,
801,Theo Holmes,61,78006,373339876,xIgp49gS7ZCNz,
802,Reuben Broadway,25,38668,202627093,YC1P1Hhs,
803,Clair Shell,36,3060,902901953,EytyKl9r56Lut9,
804,Viviana Davila,45,87101,451747185,YThCQOaQ2RW,
805,Deanne Buckingham,39,54631,508110536,9YBl9enJd,
806,Tera Maki,28,94135,888359468,MMFidCZ2,
807,Houston Zuniga,32,98607,984693404,tvY0gps8m,
808,Wilda Gould,44,48103,295127818,NYeFbMzxk,
809,Delilah East,58,7003,407694665,uGakb5D78dIpe,
810,Asa Main,39,53095,138340611,0IYuZuMKZUrjFaJ,
811,Jessie Obrien,28,55016,574005756,xSbLcvVEfxdsOn9b,
812,Louella New,36,23324,504663311,j9ob7NxFsYh0cZI1,
813,Wiley Denman,26,53562,714282169,cIxSPuYtSxh,
814,Jayne Pak,23,8087,495011845,St6no8J8AjfboTi,
815,Marlys Schulze,45,16052,561832955,7IWm5CdmGnjMh,
816,Tanya Beckham,33,58501,612960525,SnZQzmz5rDFZzlI,
817,Mark Gilchrist,45,58501,721262932,fWKPIvsAboyAAe,
818,Dee Jose,31,98008,219604326,u6q6H3Fch22eI1,
819,Isabel Grey,36,16052,519421736,eJrHIUYmDgF,
820,Elliott Boss,30,87101,305431944,hbkikHTu,
821,Trent Oneill,31,29036,611621113,CKY4QD2qtDlzVqr,
822,Cody Winn,52,58501,185807917,TIuZtYdjRIeRNbMg,
823,Evelyn Kolb,43,1760,352254354,yoo8TyIJqC53I09O,
824,Giovanni Coulter,35,87101,159698695,1E1ZHZpr,
825,Mariam Wagoner,26,54631,309064219,vilMzvh2,
826,Charla Partridge,50,15106,628559334,jszhgq92,
827,Brady Frazer,21,49319,50686734,iUJpgLQ53CFR,
828,Randolph Putnam,30,54940,504044163,aYy5bMfntInl7Yj,
829,Ashlee Mullin,63,73008,600258862,IE1Xdwr1c23PfJ1m,
830,Leandro Curran,19,19019,51869684,LtE2nWNI,
831,Cindi Harwell,54,45385,587538256,ObB75anQ,
832,Jewel Clement,20,55303,12550830,xdqJofi6GnMRNm,
833,Manual Tolbert,65,8057,397827086,KRAR3fbtIzx,
834,Fausto Walden,59,55126,196413621,mV6qzYTueEkuMCL,
835,Sandi Shapiro,48,25301,82109148,ueCsAFXY0FW4hI79,
836,Chantal Shank,49,87101,331419842,xjp71G8OG,
837,Ariana Bridges,39,98926,996285076,b82sB72IsNPXPY7,
838,Ella Catalano,36,44094,877385771,V16ONnGL,
839,Gustavo Sayre,20,98584,124487088,F9k6dbijb2Fvn,
840,Ana Grove,51,49501,20943747,kaDFmKrTbCIr,
841,Lauren Berrios,37,17057,792970012,rmG2U9DDYhY,
842,Allen Turley,64,29036,734395641,1KzWpTeFHl,
843,Valentine Bernier,58,92103,752972204,HkjM6PZejXk1,
844,Tania Krieger,36,76901,851298092,o5SxigeYo2NE7,
845,Lionel Gagnon,61,97062,599780203,yOOpUHkAV,
846,Frances Paulson,58,8853,656820976,UNBAN6oeXMb,
847,Homer Chilton,33,94135,765027451,Sa9Mc433lqxqlU,
848,Zelma Mooney,52,19018,107744316,5x4zy6NjLkHjYHm,
849,Long Arreola,33,21201,742554316,odxfMwavPLhQ81rS,
850,Christine Fusco,44,98506,227681525,rK5s3Ecr2wqB5j9o,
851,Porfirio Velez,51,64724,922856461,qbn0iRpjA,
852,Duane Stroup,30,65201,870987002,fHnzIpVEXWL6,
853,Yong Rinehart,41,99352,732628147,Y0VTlf4yTaa,
854,Dessie Keyser,21,63301,924705977,sZeqVDzuKxZm6,
855,Antone Sapp,47,87101,52534021,LQ0EhFCBGMihM,
856,Chi Gordon,60,7882,961338347,DkMXyA1H3,
857,Perry Tanaka,37,7076,620988067,vXbw9bZM,
858,Nancy Willett,52,2025,724713170,R9O7nHYL66qHS,
859,Morton Velez,55,98248,733914052,l5absY4BU,
860,Harris Olivas,26,45377,467897190,aMrKGqJMN,
861,Terrell Lanham,41,98506,915526442,J80arCCrl6,
862,Vito Freeland,27,29438,187809413,TQdAKNNgRJONYR,
863,Virgina Byers,47,43011,194846908,mSz1Ys23GLwgQ,
864,Mimi Patrick,19,1730,885993300,nHUTWmT4,
865,Rosendo Regalado,55,78006,900446603,W71LnkXXiL4NgZ,
866,Mickey Hein,28,98433,725068311,5fjMP0twmboSVS,
867,Jeri Wynn,59,8853,189157956,cnMnh2YYM,
868,Winfred Jeffers,61,87101,848968981,hDbpPLRb,
869,Reed Vang,38,68025,760508316,4vaLGnXNxJ,
870,Chantel Bivins,48,77001,782272946,6ibHZyp0gCwi9OW,
871,Brenna Murdock,29,98101,438181166,wp2tmPiaOm,
872,Abe Garmon,33,63010,307153691,pzUiIey9YO,
873,Fawn Escobar,51,68025,768475868,LhBfYj0pLaZcdy,
874,Mitchel Marion,44,92142,945302709,hh3qZUdPmM,
875,Lily Dehart,20,64724,594116114,VckCWfN9Vc9c,
876,Frances Ngo,21,55126,522911002,1BdZeyQK,
877,Ramon Packer,61,23325,109334065,RO4NQee40CAx,
878,Joey Brogan,39,87101,758932967,E5LGFrPIb8ow9,
879,Patrick Moss,32,46163,799519325,Y7oj2NJTk2EwA0,
880,Barrett Sisco,35,98506,658302257,3U16XZh3uw,
881,Rudolf Stott,27,77001,266746181,lvggRF2oC,
882,Miranda Reddy,59,17057,306500261,m42LpEJYKnyV,
883,Chloe Gall,59,97062,473671177,tVBk5SDDknQG6x2,
884,Ines Nieves,23,55111,603365405,mNeFlcHnQzn1KsO,
885,Sheena Poole,19,15106,607403351,l7dxFOZI4yO,
886,Paige Peterman,55,98503,188518542,rRxxruN6,
887,Yesenia Donley,19,1520,904704747,gHuEzTPN9q,
888,Virgil Lenz,38,98248,531859664,2sL1hWPAeDUMJX0r,
889,Clarence Pollard,58,48601,150636031,ua170uh9Ke8mLgB,
890,Deanne Kearney,20,45034,902029123,wcjTnabjGlC,
891,Becky Anaya,43,63042,660173216,QIix8oLkcQcoy,
892,Santa Snook,46,89002,701449935,Jj9rcAuQGZGJ6Za,
893,Scotty Leatherman,31,55111,612941487,ku7HGT4q9,
894,Olga Allman,34,88901,579131812,36oJCdPOd,
895,Maria Durham,43,56441,516656766,duhyUhR4tyTT7tGV,
896,Rodrick Archuleta,44,89030,514405056,UNzOJCl85,
897,Becky Cain,44,21201,943507784,ZKq8V3zzNW7sOEb,
898,Racheal Melvin,38,44105,440578806,TDTGRKS95gtUs,
899,Otis Cleveland,64,76471,638940724,9Um480MeQYovT2CO,
900,Jayson Dailey,43,63755,815661592,ls3CuyMbb,
901,Dee Leggett,33,48501,585124386,K1vUfsGc7,
902,Alan Alvarez,30,87101,344363122,gXyttlx4Cq,
903,Lea Metzler,49,55920,838205954,vKWdziWzB40F,
904,Hassan Mcfall,51,63005,94177163,z0i6Gz1W,
905,Garry Kraft,46,3060,123676733,zpzW7TR6J,
906,Anton Hansen,25,55076,691892539,3AygyhaCsl,
907,Gale Pagan,61,64030,228302759,90vwcyGT0pa,
908,Dora Robson,58,15106,777249424,8O3K9YLduw0kPj,
909,Liza Washburn,34,45314,918078042,UBKXxaIF3,
910,Earnestine Haynes,41,18337,626156231,Ar1680g4FW,
911,Maryann Bedford,46,58501,884745552,dtSJ3vCVH,
912,Tawana Cable,18,94135,201128663,ROzay2AtPq,
913,Darren Bowen,64,63101,272979865,5kaXI6Cia9,
914,Sung Tijerina,51,37748,840330656,k6kGa4pCRdbF,
915,Dee Lindberg,56,16127,808375992,Xla6BJDni68I,
916,Glenda Mullen,44,48327,597075531,Im2GOtAooO91K3Wm,
917,Ivory Piazza,59,97814,283839937,uolodqIZmvZ,
918,Bernardo Guinn,39,23462,865128363,cxSg1tjKmOB,
919,Sam Hutchings,46,21041,272868178,RzhYF9AD4hpT,
920,Glenn Delossantos,55,87101,102939971,ytXbMWDryAKu,
921,Josh Wicks,45,98101,296805261,sHguAzMbdd6MyE78,
922,Isabella Swank,36,76021,798742478,an3wonYYg4QgtXNN,
923,Zoe Geary,35,27906,726966454,CLFrUSsPauwLj,
924,Florencio Deyoung,45,45385,995539019,aGJesBqdDynenzb,
925,Tillie Falls,30,92119,253695453,Hc6wt8RnHWY,
926,Kayla Cano,38,8836,72672208,KYW1uG8g6e,
927,Maudie Denman,59,56441,660426132,hk8FsT11n6Vf,
928,Shawn Hogan,22,8732,514605685,3GN5KK0bVzv3u,
929,Madge Fitts,50,53095,785686612,Zfs6MUOo,
930,Lonnie Stoddard,32,21201,561189789,0I7rIDm3kLk,
931,Christine Montano,38,98503,130882804,TEEDRusvzPc,
932,Bret Causey,38,98101,790065255,mjFpMora4,
933,Ward Heckman,29,63624,742202762,raMjYnL2ZFVg3P3p,
934,Nellie Houck,27,7076,427824311,963nhJu8aKaJjsC,
935,Roxanna Miller,48,87101,522253371,0aOKYKCl9Yh,
936,Jae Bear,59,78006,578692278,BUKpj863sE,
937,Lilian Vail,64,58501,809651661,gDHMGlVx2rD,
938,Daphne Cordero,33,87101,512623281,Dho9MeDNd,
939,Adolph Tong,40,63101,645795899,8c1vrcdobHA,
940,Jeanne Eggleston,33,25701,708009670,ft6tBCQW7r1xGrO,
941,Jonah Coward,30,37771,868784482,COlBsH0Cczuj,
942,Dorian Woodley,43,75161,56176242,05vkQLKuC0G5Fp,
943,Chanda Berryman,44,55101,727545013,1TFucINSZS,
944,Belle Tam,50,45385,45862415,T3WEJXBxHjQitY,
945,Shelby Beaudry,38,87101,615619858,lhbAAeeSNrG319oa,
946,Princess Bigelow,64,78006,399920772,KACQLAhH,
947,Tamara Hefner,30,87101,305819498,VyQL41qSbd98ClVa,
948,Gail Welch,54,87101,630815057,dA5A4WtO,
949,Mitchel Heffner,61,21501,906961949,cmqD8p96A6u4Ui,
950,Francine Guest,54,44646,336537470,KTOFacYupuIAtGm,
951,Deborah Burnette,28,19019,716349197,17irsKQreLHqa,
952,Celestine Wendt,27,84057,227890576,rTIG4o8m9GJHpY,
953,Javier Littlefield,55,92119,114769259,FoqyZ8hbuKWS8lVM,
954,Ginger Ezell,35,75034,70032262,gkn5Yutk6vv,
955,Drew Roussel,54,98503,83711278,Pc6XleMwTb4nGyjp,
956,Jarrett Lawson,48,58501,547664175,kvIc9lTz8FLDGI,
957,Judith Osgood,62,98607,779657155,x1bDhINFFisoMclt,
958,Kurtis Lightfoot,22,68501,309909670,Kpvj76pyHi,
959,Dwight Olive,60,15701,521960647,Pqlm2bNmVve,
960,Tommie Salazar,52,63101,252019218,N9Du0MNfRZrOTst,
961,Reta Nolen,65,15044,824748915,XUk0EkraVb5,
962,Maya Alston,41,28105,966109430,Z86L1DMncJUD0Sa,
963,Erna Werner,22,55126,944742861,j3dhuR9Bf9EtuA,
964,Raymond Tomlin,47,37901,348873808,iON9cuA5x2mrt,
965,Ronald Unger,41,2879,551689016,Hxti5avWkDo,
966,Timmy Hammonds,59,45314,941097234,KgCiU9faIR,
967,Katheryn Hickey,21,49501,788982638,RQSt1bG7s220h,
968,Johnny Motley,63,64015,879251776,0cTB0i9ZZRVVLBi5,
969,Leif Pearl,21,87101,932987927,6gm7mLgLK31PO,
970,Korey Lauer,32,64030,674565448,Mc4cfGyVG7XIHi,
971,Andy Hendrix,65,15044,28479611,eh85r7zchFIkQQ,
972,Kim Spangler,20,7739,963958388,GNM0uUf4Lh,
973,Marietta Smoot,62,49319,248842318,wVs3Xt5QVIY2K,
974,Robert Ness,19,54755,881356028,jjpld2nTKlaj,
975,Dennis Crayton,26,20877,512222741,G804mqlzjKswLw,
976,Delphine Long,33,76643,984171601,ufw8ddWue,
977,Lelia Ogle,53,19019,771978554,WGfjUleT5FLDNq0,
978,Hyman Lake,40,87101,713832903,DUHQ4nfQOIZ,
979,Conrad Harless,60,92103,611700558,Nrqf9EHVOVSp,
980,Kermit Pittman,46,55111,265886234,q9cv5Jgp4in,
981,Iona Harmon,61,20170,553844874,jjGg0v9c,
982,Guillermo Friday,39,7031,459949405,bijoPsrP9cimL,
983,Garrett Aviles,50,63101,404014390,kzvEcoNeK,
984,Kathleen Lindsay,46,88901,721565881,qPgFn3INgt,
985,Johnna Mcmaster,21,77015,700564151,PV5DLormsI,
986,Burl Fulmer,57,57701,284068488,0OHw9JVzMztPF,
987,Bella Pennington,46,19609,178825030,UV9VtVqTK,
988,Irma Nieves,53,74073,539070865,GGUo8If5,
989,Marjory Mendoza,40,97408,34991884,aIOqpVohVm,
990,Victor Robson,46,45314,281549233,0X9LPvlgKDhe5,
991,Leif Woodley,25,18036,774140743,Olpnc11mOvEAh4,
992,Fabiola Lugo,37,28715,392197688,nfA6NMfw,
993,Bert Orellana,52,78652,713778493,mNZ9GUUvwZ0hU,
994,Tomasa Whitney,58,19087,711497064,Ok6bIWT6rDl7z,
995,Mac Rock,65,87101,152561547,gMhbL43npn8U7Vz,
996,Raymon Reich,48,20877,320661398,LpOlVQljwQ,
997,Racheal Pearson,42,44133,428587537,OIIwniLlSJu,
998,Lakisha Woodworth,64,46113,75029102,vSKQljv0VUZkz,
999,Winston Jacobs,35,1731,903791418,Yp8OfKaM1,
1000,Bettina Wheatley,62,87101,404246984,X8KsrvGZfR,
1001,Jorge Nunes,29,28715,94882713,iOrz3bL2KBlx,
1002,Tracy Hightower,47,55016,16195190,WthqfnHxoyzR,
1003,Keith Mcgriff,49,68355,851826453,zFViV9nSvgEc,
1004,Willis Nunez,52,28715,259701768,RR8lW7s4toJjdRYK,
1005,Hai Fowlkes,48,22180,690599938,ou5hjI1cy,
1006,Dionne Beaman,44,44454,831612740,3p5WlxH9HXXNi,
1007,Megan Groff,56,98433,492107282,X6JFhqhDz,
1008,Lizzie Slocum,45,21771,566861710,lOY12m0ezdYtnd8z,
1009,Jayne Quinones,60,87101,502862956,ew6SE0LqsZ,
1010,Lacy Orellana,55,15106,203337526,D7HhyXDoqj,
1011,Darron Uribe,53,53072,527906941,BqpVWmV0gvoK5,
1012,Jude Tharp,63,25701,126421132,5KhcNhvYnByb,
1013,Patricia Batten,61,63101,475921087,FQkG2wFKpY,
1014,Ruby Dunne,59,24531,606456376,LD7LmThPlx,
1015,Lyndon Serna,26,87101,884582922,wvcVokzG1ADDodK,
1016,Reva Washington,64,22031,385251065,cDWkvG9E8C,
1017,Tara Gilchrist,43,49464,331755035,QwLu114HcB,
1018,Renata Hammer,30,54230,549099699,LekRGzHF6hTqO,
1019,Renato Grogan,33,2056,479781087,KIq4BijnpRhXa23c,
1020,Merlin Bullard,56,4345,576975863,cGFUGe40pw2,
1021,Caleb Velez,38,1844,925147744,QSpEsdExYB9HA7U,
1022,Princess Brill,64,7882,157884690,0Nwn1TYxYxLkN,
1023,Johanna Rivas,38,55316,683990320,2Tnevs84z5,
1024,Bob Alvarez,35,48009,3299224,KVKE7vn6b,
1025,Soon Bartholomew,20,59801,635814126,CzpiUsnTlYHqTCo2,
1026,Gary Mccune,49,94135,215105918,kZ5ub8x76XZkio,
1027,Deanna Barrera,23,87101,551116423,y77aiCiOliI0j,
1028,Rosalba Oswald,20,87101,481988627,YmqAklNnwz1SRnZl,
1029,Lenora Scarbrough,62,98584,755493330,6oZss89r4e0KGT7F,
1030,Ramona Freese,20,48846,101487912,2rf9AQUNjwRom,
1031,Carolina Israel,19,87101,758407755,0UvKX5WwjCS,
1032,Tad Lanier,32,55111,974609738,NfJ0Y6jPQR,
1033,Manuel Wertz,28,87101,400540997,VvWkoBlLyeg2C,
1034,Colette Antoine,51,98506,254914391,mEcrlEafSQzSM,
1035,Hugo Berrios,50,63301,639072153,L8g1DHr33p,
1036,Loren Russ,53,63042,564365515,zzTEIj2loi,
1037,Kimberly Mello,35,58501,275897570,gLsPilXJ92mABeW2,
1038,Efrain Atkins,30,19087,439679118,DKffc3gor,
1039,Wesley Holly,55,79339,738748638,X6jla87Kdqwx,
1040,Stanford Dewitt,52,2330,645452557,kB3q4lE9,
1041,Stephanie Schramm,41,94135,308471898,jBbZ14SVY7B,
1042,Kenneth Best,59,87101,125224317,vB9UoEguftuGKcN,
1043,Carly Broadway,53,24531,217973423,rKLuZ4ZVOWNAqTc,
1044,Hanna Ornelas,56,15106,289838725,cZc1dggZRbF,
1045,Cara Corey,41,88901,615477483,FzQyiOjaIey0lJ6l,
1046,Robert Mcmillian,27,53201,978478419,4l734ojW,
1047,Tillie Bertram,43,68025,347192772,Ix7tEwFKvuZ,
1048,Kate Asbury,35,20847,632840739,tZ8o1ZdcHdLl,
1049,Marquis Sanders,30,78006,501597854,NgZM4ScIuJGd0,
1050,Theron Ledbetter,54,87101,811148590,mwDjMCbifGr9vVh1,
1051,Wendi Pitts,21,87114,97914877,w54UWoWq,
1052,Alma Gist,18,76248,157367154,JYErOwHBFi,
1053,Larissa Maggard,28,99201,346212233,vlbhgQlYMEL,
1054,Larissa Strain,61,84655,769165321,qpncF2DcozpuUi,
1055,Kris Montenegro,21,25701,869601146,CDIfrq1E9h31Sl,
1056,Leta Howland,63,78006,596620684,rA3hRCg48cctUBs,
1057,Efrain Ramirez,31,28532,717373257,2ZlldT6F1,
1058,Refugio Correia,46,20170,437551870,hogzep3AY8TJ,
1059,Titus Shore,64,27502,573213751,AHWB4XoCU,
1060,Raymond Kersey,56,1027,218825973,phiF2XEvAUdE7i4V,
1061,Jarrett Ochoa,31,87101,291230316,daAyerIGvn,
1062,Jonathon Wheatley,30,87101,652012103,pZL8HzxoXGNCOCpB,
1063,Kellie Nagy,29,63101,211877689,ohau0qN8,
1064,Darell Robins,58,98101,229188103,mA5aHJIlWnkQQ9K,
1065,Claud Ladd,59,55101,951146526,pShnt9Jztu,
1066,Josue Roger,35,53072,557812808,Fu77fy1szyk,
1067,Martin Dasilva,25,98506,700161738,ixWtG45wF,
1068,Edna Crider,22,97062,400582242,64W0GFoufN,
1069,Wilton Hook,27,59715,190456823,tVzkYiEk4Q,
1070,Christine Muir,48,88901,927688901,UkZguKOAul8FJ,
1071,Georgiana Boatwright,51,21701,804204527,vsXy4NsmZx8O,
1072,Meagan Puckett,62,98036,824076557,SWeKp8f10rqJX2,
1073,Thelma Grayson,24,20895,445129991,jsq4X3vmA5,
1074,Philip Corbett,21,1803,886122389,B9MF8xFlGZ,
1075,Tonia Collado,54,27513,51384505,UnCv1wAb6gog,
1076,Cecilia Kerr,62,20847,953949108,uBNCPcE9WZt25Y2,
1077,Emil Sparrow,52,78006,941687217,HMLcqzXSIiy,
1078,Marquita Cummings,27,99201,638653544,AFvlaNr33iOMVZ,
1079,Nona Krause,36,2119,907248719,SHcaianYE5,
1080,Alphonse Tate,64,46113,862168705,WRDOvshuDXLS,
1081,Jillian Agee,44,7628,459964320,nq8pkNh1,
1082,Jeremy Coffman,60,8520,904921812,CbGtPdXRB,
1083,Elisha Reed,25,28715,976620223,3WShF2gPl,
1084,Sonny Atkins,23,44101,124156154,LcExwcyc9hNzN03,
1085,Kyla Loya,60,27502,652719827,q6GFKoUzQGy,
1086,Carole Gossett,23,39056,206536200,OenEiZ62SWb,
1087,Jonathan Moultrie,40,44454,462367566,rgpSqmIq8uOt9mV,
1088,Antonette Fortin,54,1301,749702208,f6lwmNBFrepua,
1089,Murray Thibodeaux,24,18337,485428892,HAjcSsWT,
1090,Erma Haase,23,87101,466749592,TWv19L1oXVGB,
1091,Domingo Carranza,43,84057,788984751,I1fcwYtO,
1092,Cortney Cade,55,78006,980603585,B2fM2QJ3D,
